age,income,score,zipcode,city,extra_data
0.23809523809523808,0.8125,0.6538461538461535,90210,Beverly,
0.7619047619047619,0.625,1.0,10001,New York,42.0
0.0,0.0,0.5961538461538458,60614,Chicago,
1.0,1.0,0.423076923076923,94103,SF,
0.42857142857142855,0.625,0.8846153846153845,73301,Austin,
0.5,0.625,0.0,12345,Unknown,5.0
0.5714285714285714,0.4375,0.5384615384615385,94105,San Francisco,
